phrank_style,resnik_style,lirical_style,sapbert,sapbert_name,bm25,ic,hybrid_dense_bm25,hybrid_dense_ic,hybrid,hybrid_tuned,case_id,subset,len_bin,single_gold
1032,1032,645,2168,154,1563,574,2165,994,1173,920,RAMEDIS_0,RAMEDIS,1-6,True
1762,1659,841,797,418,254,156,419,279,251,212,RAMEDIS_1,RAMEDIS,1-6,True
4,21,11,158,76,91,14,89,20,21,30,RAMEDIS_2,RAMEDIS,1-6,True
59,38,28,774,527,521,294,706,501,535,426,RAMEDIS_3,RAMEDIS,7-9,True
207,37,14,23,23,791,4,57,3,15,21,RAMEDIS_4,RAMEDIS,15+,True
2,64,53,16,10,366,13,38,1,12,44,RAMEDIS_5,RAMEDIS,15+,True
9,7,2,48,53,50,37,27,11,12,46,RAMEDIS_6,RAMEDIS,1-6,True
1,1,2,206,185,35,106,45,113,33,46,RAMEDIS_7,RAMEDIS,10-14,True
22,33,52,12,2,40,18,13,10,13,20,RAMEDIS_8,RAMEDIS,15+,True
10,24,20,12,9,15,15,4,5,3,9,RAMEDIS_9,RAMEDIS,10-14,True
88,57,122,1490,1153,545,549,887,916,793,582,RAMEDIS_10,RAMEDIS,10-14,True
1,1,1,210,74,33,2,62,25,21,10,RAMEDIS_11,RAMEDIS,15+,True
2,2,4,29,20,8,22,11,14,10,9,RAMEDIS_12,RAMEDIS,1-6,True
2147,1524,807,1365,331,2803,722,2125,1034,1388,1409,RAMEDIS_13,RAMEDIS,7-9,True
2,2,1,13,1,10,4,1,2,1,3,RAMEDIS_14,RAMEDIS,10-14,True
97,174,78,8,5,97,18,16,4,10,38,RAMEDIS_16,RAMEDIS,10-14,True
71,89,41,1332,64,857,28,1152,89,134,78,RAMEDIS_17,RAMEDIS,10-14,True
602,662,324,379,37,166,140,225,208,182,165,RAMEDIS_18,RAMEDIS,10-14,True
1001,1044,1656,19,140,716,341,56,43,84,538,RAMEDIS_19,RAMEDIS,10-14,True
4,115,143,81,50,64,24,42,13,19,37,RAMEDIS_21,RAMEDIS,1-6,True
30,81,113,13,3,61,25,21,13,18,37,RAMEDIS_22,RAMEDIS,15+,True
4,102,77,147,88,117,14,100,19,22,31,RAMEDIS_23,RAMEDIS,7-9,True
1150,1470,1267,1623,867,1345,610,1578,1014,1146,978,RAMEDIS_24,RAMEDIS,7-9,True
48,8,4,10,13,1218,5,41,2,11,21,RAMEDIS_25,RAMEDIS,10-14,True
151,309,403,48,3,69,292,38,88,50,105,RAMEDIS_26,RAMEDIS,10-14,True
17,1,1,63,59,6,17,19,26,12,8,RAMEDIS_27,RAMEDIS,7-9,True
10,21,13,181,79,405,33,255,62,95,89,RAMEDIS_28,RAMEDIS,10-14,True
3,114,103,34,31,246,15,44,6,12,39,RAMEDIS_29,RAMEDIS,10-14,True
4,5,6,123,213,492,27,215,24,50,74,RAMEDIS_30,RAMEDIS,7-9,True
2,99,66,81,50,139,10,73,5,10,23,RAMEDIS_31,RAMEDIS,10-14,True
17,9,3,17,15,286,22,46,4,14,61,RAMEDIS_32,RAMEDIS,10-14,True
216,163,93,1985,132,368,40,727,117,143,91,RAMEDIS_33,RAMEDIS,1-6,True
30,26,20,102,184,227,28,119,49,60,68,RAMEDIS_34,RAMEDIS,15+,True
4,67,36,97,50,113,14,69,14,18,29,RAMEDIS_35,RAMEDIS,1-6,True
70,4,3,188,181,17,63,36,80,41,26,RAMEDIS_36,RAMEDIS,1-6,True
27,40,43,79,28,120,103,67,60,57,116,RAMEDIS_37,RAMEDIS,10-14,True
2,7,8,108,68,118,14,81,18,18,32,RAMEDIS_39,RAMEDIS,1-6,True
31,42,33,7,8,3152,8,48,2,20,29,RAMEDIS_40,RAMEDIS,1-6,True
588,943,416,965,1903,1119,47,1126,110,176,120,RAMEDIS_41,RAMEDIS,7-9,True
11,31,40,14,10,4,2,4,3,3,3,RAMEDIS_42,RAMEDIS,15+,True
1,12,8,8,2,8,6,3,2,2,6,RAMEDIS_43,RAMEDIS,7-9,True
1188,672,402,3,1,3754,193,42,32,56,505,RAMEDIS_44,RAMEDIS,1-6,True
9,42,24,43,17,184,17,48,12,14,46,RAMEDIS_45,RAMEDIS,7-9,True
5,10,7,16,7,45,13,4,4,3,19,RAMEDIS_46,RAMEDIS,10-14,True
39,42,32,664,25,47,27,104,75,51,39,RAMEDIS_47,RAMEDIS,10-14,True
142,105,124,310,16,87,180,131,202,132,113,RAMEDIS_49,RAMEDIS,1-6,True
12,14,4,25,20,30,8,5,5,4,11,RAMEDIS_50,RAMEDIS,1-6,True
42,16,35,1399,1649,119,43,252,97,86,76,RAMEDIS_51,RAMEDIS,7-9,True
2,6,5,85,54,19,12,9,10,5,12,RAMEDIS_52,RAMEDIS,1-6,True
13,30,16,229,172,77,23,101,38,32,37,RAMEDIS_53,RAMEDIS,7-9,True
1,6,1,359,264,218,49,295,92,100,98,RAMEDIS_54,RAMEDIS,15+,True
21,21,41,11,2,23,23,9,9,13,21,RAMEDIS_55,RAMEDIS,10-14,True
3,14,19,106,45,176,14,120,13,22,41,RAMEDIS_56,RAMEDIS,7-9,True
1,40,39,158,88,165,13,152,14,25,33,RAMEDIS_57,RAMEDIS,10-14,True
3384,2487,1913,1664,634,3764,2912,2558,2370,2790,3484,RAMEDIS_58,RAMEDIS,15+,True
156,131,180,145,27,850,280,284,190,280,521,RAMEDIS_59,RAMEDIS,1-6,True
2,21,10,176,129,165,14,160,17,31,34,RAMEDIS_60,RAMEDIS,1-6,True
857,1150,1100,1015,965,3510,811,1773,1024,1379,1514,RAMEDIS_61,RAMEDIS,1-6,True
1,52,29,90,72,82,11,42,11,13,23,RAMEDIS_62,RAMEDIS,7-9,True
1,3,1,146,139,76,9,76,7,14,22,RAMEDIS_63,RAMEDIS,15+,True
2654,2875,2469,194,1019,485,1957,301,436,481,766,RAMEDIS_64,RAMEDIS,7-9,True
9,99,89,15,7,142,13,9,2,3,31,RAMEDIS_65,RAMEDIS,10-14,True
12,82,38,101,27,271,36,140,38,48,84,RAMEDIS_66,RAMEDIS,7-9,True
2,3,5,292,167,8,12,15,27,10,7,RAMEDIS_68,RAMEDIS,1-6,True
471,1080,674,470,1195,813,37,639,83,153,111,RAMEDIS_70,RAMEDIS,10-14,True
1239,1172,1137,390,391,325,623,375,508,453,448,RAMEDIS_71,RAMEDIS,1-6,True
26,124,200,1,1,484,42,15,2,10,110,RAMEDIS_72,RAMEDIS,10-14,True
9,9,6,46,18,40,16,17,17,7,21,RAMEDIS_73,RAMEDIS,7-9,True
23,141,239,58,49,156,63,66,35,47,113,RAMEDIS_74,RAMEDIS,7-9,True
2,2,1,1,1,1,5,1,1,1,1,RAMEDIS_75,RAMEDIS,1-6,True
19,7,4,15,1,9,18,5,7,4,12,RAMEDIS_76,RAMEDIS,7-9,True
1,98,52,121,59,65,14,58,18,19,25,RAMEDIS_77,RAMEDIS,1-6,True
256,510,148,895,96,27,17,74,65,30,16,RAMEDIS_78,RAMEDIS,15+,True
36,60,80,1828,1495,422,300,765,582,541,371,RAMEDIS_79,RAMEDIS,10-14,True
11,2,1,9,1,14,19,3,3,2,9,RAMEDIS_80,RAMEDIS,10-14,True
6,7,5,82,133,3,3,13,13,7,2,RAMEDIS_81,RAMEDIS,10-14,True
3,5,2,91,110,72,25,55,7,11,38,RAMEDIS_82,RAMEDIS,15+,True
540,524,287,1588,590,1019,70,1380,182,266,181,RAMEDIS_83,RAMEDIS,10-14,True
14,35,27,50,18,54,14,30,20,21,25,RAMEDIS_84,RAMEDIS,10-14,True
99,102,58,7,7,774,22,40,5,26,64,RAMEDIS_85,RAMEDIS,10-14,True
2526,1869,973,270,285,1103,319,476,283,403,608,RAMEDIS_86,RAMEDIS,7-9,True
19,45,44,23,1,47,57,13,10,13,43,RAMEDIS_87,RAMEDIS,15+,True
6,23,16,6,6,6,22,3,8,3,8,RAMEDIS_88,RAMEDIS,7-9,True
11,24,16,464,346,772,16,639,49,92,53,RAMEDIS_89,RAMEDIS,10-14,True
88,177,79,35,43,1135,4,91,6,23,18,RAMEDIS_90,RAMEDIS,10-14,True
14,62,73,287,208,883,31,475,59,107,81,RAMEDIS_91,RAMEDIS,10-14,True
1,2,1,164,127,59,9,59,10,12,17,RAMEDIS_92,RAMEDIS,15+,True
252,103,183,345,48,885,169,527,209,308,349,RAMEDIS_93,RAMEDIS,15+,True
20,80,70,23,17,57,40,15,20,18,49,RAMEDIS_95,RAMEDIS,7-9,True
63,63,48,404,456,327,48,376,84,112,103,RAMEDIS_96,RAMEDIS,1-6,True
1,91,115,14,14,14,8,3,3,3,10,RAMEDIS_97,RAMEDIS,7-9,True
43,11,2,17,11,1017,1,71,2,16,13,RAMEDIS_98,RAMEDIS,15+,True
284,151,65,16,29,1168,19,55,5,25,60,RAMEDIS_99,RAMEDIS,15+,True
1687,1154,548,337,4,285,599,330,457,396,381,RAMEDIS_100,RAMEDIS,1-6,True
1603,1574,1163,202,179,527,671,294,325,381,629,RAMEDIS_101,RAMEDIS,1-6,True
5,9,5,16,4,2,1,4,4,3,1,RAMEDIS_102,RAMEDIS,1-6,True
5,1,1,14,11,2,2,5,4,2,2,RAMEDIS_103,RAMEDIS,15+,True
2970,3309,3277,3760,3815,761,3078,1532,3723,1987,1159,RAMEDIS_104,RAMEDIS,1-6,True
150,92,175,172,14,349,160,235,142,175,249,RAMEDIS_105,RAMEDIS,15+,True
8,7,6,151,80,200,16,156,36,39,44,RAMEDIS_106,RAMEDIS,1-6,True
2,94,73,44,27,110,12,28,7,9,29,RAMEDIS_107,RAMEDIS,10-14,True
4,3,4,1,3,5,6,1,1,1,2,RAMEDIS_108,RAMEDIS,1-6,True
1466,1930,1221,1949,49,316,397,608,723,543,364,RAMEDIS_109,RAMEDIS,7-9,True
17,7,163,1072,942,529,530,778,788,702,541,RAMEDIS_110,RAMEDIS,7-9,True
4,22,11,196,93,120,14,126,25,27,32,RAMEDIS_111,RAMEDIS,1-6,True
1516,256,134,1177,1015,1525,257,1468,475,672,570,RAMEDIS_112,RAMEDIS,15+,True
7,6,5,170,15,40,36,63,45,30,36,RAMEDIS_113,RAMEDIS,1-6,True
4,2,2,37,66,2,3,4,4,2,2,RAMEDIS_114,RAMEDIS,10-14,True
281,120,139,21,3,115,491,15,50,38,180,RAMEDIS_115,RAMEDIS,15+,True
101,168,169,1378,2042,143,121,293,248,174,137,RAMEDIS_116,RAMEDIS,1-6,True
1430,1655,707,159,180,170,456,148,251,192,253,RAMEDIS_117,RAMEDIS,1-6,True
2,101,69,52,29,90,14,26,10,12,30,RAMEDIS_118,RAMEDIS,1-6,True
3,100,76,83,74,437,13,147,13,30,37,RAMEDIS_119,RAMEDIS,7-9,True
2,42,40,129,73,115,14,91,24,22,29,RAMEDIS_121,RAMEDIS,10-14,True
3,51,43,57,33,488,15,107,13,24,43,RAMEDIS_123,RAMEDIS,7-9,True
27,49,50,45,10,73,30,35,25,31,43,RAMEDIS_124,RAMEDIS,7-9,True
1,2,2,463,276,9,64,35,122,30,11,RAMEDIS_126,RAMEDIS,15+,True
994,883,547,218,681,106,325,135,262,149,153,RAMEDIS_127,RAMEDIS,7-9,True
2,17,6,90,45,101,11,57,12,16,27,RAMEDIS_128,RAMEDIS,1-6,True
33,135,24,64,342,526,1,126,6,19,11,RAMEDIS_129,RAMEDIS,10-14,True
4,3,2,13,3,2,4,2,1,2,2,RAMEDIS_130,RAMEDIS,1-6,True
590,406,600,2564,174,902,499,1467,935,962,673,RAMEDIS_131,RAMEDIS,1-6,True
92,936,427,2351,2334,88,225,227,482,215,123,RAMEDIS_132,RAMEDIS,7-9,True
37,3,3,16,20,1403,7,55,5,15,26,RAMEDIS_133,RAMEDIS,7-9,True
19,31,123,27,12,48,54,20,22,21,48,RAMEDIS_134,RAMEDIS,10-14,True
13,1,1,21,15,3,12,5,8,5,4,RAMEDIS_135,RAMEDIS,15+,True
3,9,14,45,76,4,11,9,8,3,3,RAMEDIS_136,RAMEDIS,1-6,True
3,19,29,21,6,36,2,5,1,2,7,RAMEDIS_138,RAMEDIS,15+,True
2,2,5,188,105,10,14,12,27,7,8,RAMEDIS_140,RAMEDIS,1-6,True
9,43,26,224,113,165,17,193,47,53,42,RAMEDIS_141,RAMEDIS,7-9,True
137,84,34,136,409,370,22,204,28,48,59,RAMEDIS_143,RAMEDIS,15+,True
30,31,21,26,15,56,14,25,11,14,27,RAMEDIS_144,RAMEDIS,15+,True
3,2,3,1,1,1,3,1,2,1,1,RAMEDIS_145,RAMEDIS,7-9,True
1,1,1,202,198,24,6,32,9,10,11,RAMEDIS_147,RAMEDIS,10-14,True
1873,1326,1032,1464,22,1006,752,1302,1074,1121,937,RAMEDIS_148,RAMEDIS,7-9,True
53,24,17,150,130,67,57,75,71,59,63,RAMEDIS_149,RAMEDIS,10-14,True
2182,2239,1348,1757,502,2012,1214,2083,1619,1805,1679,RAMEDIS_150,RAMEDIS,7-9,True
2,8,5,72,31,23,6,22,11,10,7,RAMEDIS_151,RAMEDIS,7-9,True
121,87,46,24,29,1382,17,78,9,26,53,RAMEDIS_152,RAMEDIS,15+,True
1,6,4,44,16,24,4,17,10,9,9,RAMEDIS_153,RAMEDIS,10-14,True
94,146,125,584,588,3499,61,1162,125,216,160,RAMEDIS_154,RAMEDIS,1-6,True
400,858,333,133,579,253,19,176,28,51,50,RAMEDIS_155,RAMEDIS,10-14,True
5,118,39,44,29,11,11,12,12,5,8,RAMEDIS_158,RAMEDIS,7-9,True
1231,2096,1061,2944,1185,903,12,1571,47,96,39,RAMEDIS_160,RAMEDIS,15+,True
9,30,8,5,5,5,1,3,2,2,3,RAMEDIS_162,RAMEDIS,10-14,True
3267,3380,3184,239,147,1127,3152,411,516,652,1626,RAMEDIS_163,RAMEDIS,10-14,True
8,4,2,63,64,305,1,102,8,17,9,RAMEDIS_164,RAMEDIS,10-14,True
3,98,122,18,14,58,11,5,6,4,21,RAMEDIS_165,RAMEDIS,7-9,True
1,16,13,40,30,9,9,2,3,1,6,RAMEDIS_166,RAMEDIS,10-14,True
7,17,10,100,18,71,36,67,42,38,54,RAMEDIS_167,RAMEDIS,10-14,True
45,60,84,1743,1447,351,355,683,677,541,381,RAMEDIS_168,RAMEDIS,7-9,True
4,67,36,181,107,110,14,107,19,24,29,RAMEDIS_169,RAMEDIS,1-6,True
21,43,34,71,29,248,27,91,37,47,60,RAMEDIS_170,RAMEDIS,7-9,True
3,63,49,19,17,227,11,27,2,7,31,RAMEDIS_172,RAMEDIS,10-14,True
4,3,3,1,2,4,5,1,2,1,4,RAMEDIS_173,RAMEDIS,1-6,True
8,45,25,65,49,361,17,120,12,25,49,RAMEDIS_174,RAMEDIS,7-9,True
7,9,9,5,7,28,10,10,3,5,17,RAMEDIS_175,RAMEDIS,15+,True
1,2,1,135,144,39,8,47,6,7,14,RAMEDIS_176,RAMEDIS,10-14,True
392,440,184,136,29,154,234,134,167,155,195,RAMEDIS_177,RAMEDIS,1-6,True
18,45,30,11,3,21,5,9,4,5,9,RAMEDIS_178,RAMEDIS,7-9,True
40,43,226,55,34,18,97,21,53,23,25,RAMEDIS_180,RAMEDIS,10-14,True
3,45,22,83,70,226,15,101,7,20,40,RAMEDIS_181,RAMEDIS,7-9,True
7,57,122,9,6,52,11,6,3,6,18,RAMEDIS_182,RAMEDIS,10-14,True
2,37,24,129,84,134,14,95,18,20,31,RAMEDIS_183,RAMEDIS,1-6,True
18,34,36,4,28,775,6,35,1,12,28,RAMEDIS_184,RAMEDIS,1-6,True
1020,540,235,721,449,318,34,483,85,113,78,RAMEDIS_185,RAMEDIS,7-9,True
19,28,20,100,60,181,80,114,66,87,126,RAMEDIS_186,RAMEDIS,7-9,True
12,38,15,54,49,51,2,22,12,11,9,RAMEDIS_187,RAMEDIS,10-14,True
318,451,151,43,402,161,14,57,10,22,37,RAMEDIS_189,RAMEDIS,7-9,True
235,286,205,1165,543,49,58,126,152,67,52,RAMEDIS_190,RAMEDIS,10-14,True
1,4,3,99,21,35,2,31,13,12,8,RAMEDIS_191,RAMEDIS,10-14,True
5,35,29,47,33,17,7,9,8,4,8,RAMEDIS_192,RAMEDIS,7-9,True
30,63,33,351,531,103,25,157,45,54,42,RAMEDIS_193,RAMEDIS,1-6,True
142,78,32,39,14,8,27,12,17,12,7,RAMEDIS_194,RAMEDIS,7-9,True
2,67,40,156,137,179,14,153,13,31,38,RAMEDIS_195,RAMEDIS,1-6,True
38,33,29,2132,2618,7,87,38,213,43,9,RAMEDIS_197,RAMEDIS,1-6,True
177,39,19,84,40,1011,22,182,41,76,73,RAMEDIS_198,RAMEDIS,10-14,True
4,3,1,2,8,2,2,1,2,1,1,RAMEDIS_199,RAMEDIS,15+,True
140,289,80,584,1015,661,3,666,31,61,17,RAMEDIS_200,RAMEDIS,15+,True
14,26,117,1515,1116,580,342,949,640,637,465,RAMEDIS_201,RAMEDIS,10-14,True
2,81,48,128,45,124,14,99,16,23,30,RAMEDIS_202,RAMEDIS,7-9,True
39,57,106,720,632,531,365,649,546,552,469,RAMEDIS_204,RAMEDIS,1-6,True
25,14,5,68,61,12,18,27,29,17,14,RAMEDIS_206,RAMEDIS,10-14,True
2,52,27,196,92,87,14,97,25,24,27,RAMEDIS_207,RAMEDIS,1-6,True
351,473,274,130,87,2881,46,282,64,114,140,RAMEDIS_208,RAMEDIS,15+,True
31,46,175,1002,788,516,482,746,723,652,514,RAMEDIS_209,RAMEDIS,7-9,True
36,131,67,2,6,78,3,4,1,3,11,RAMEDIS_210,RAMEDIS,1-6,True
541,310,509,138,34,117,808,115,270,187,193,RAMEDIS_211,RAMEDIS,15+,True
13,28,45,21,3,42,11,15,6,9,20,RAMEDIS_212,RAMEDIS,7-9,True
816,1308,855,880,165,3763,227,1613,387,617,590,RAMEDIS_213,RAMEDIS,10-14,True
144,189,60,263,16,77,18,114,35,34,30,RAMEDIS_214,RAMEDIS,7-9,True
34,46,75,1034,766,253,487,442,716,482,336,RAMEDIS_215,RAMEDIS,10-14,True
2905,1992,1291,2499,48,2805,2061,3149,2583,3022,2848,RAMEDIS_217,RAMEDIS,1-6,True
50,146,46,72,30,346,2,113,8,22,13,RAMEDIS_218,RAMEDIS,10-14,True
1032,1032,603,2510,144,1557,574,2334,1030,1199,920,RAMEDIS_219,RAMEDIS,1-6,True
1,4,1,207,188,99,21,109,28,24,40,RAMEDIS_220,RAMEDIS,10-14,True
2,3,5,158,72,3,12,7,23,4,3,RAMEDIS_221,RAMEDIS,1-6,True
45,190,209,28,65,1226,4,85,3,26,17,RAMEDIS_222,RAMEDIS,10-14,True
15,96,70,248,285,83,33,117,46,40,49,RAMEDIS_223,RAMEDIS,7-9,True
2,4,2,91,52,60,10,29,21,11,20,RAMEDIS_224,RAMEDIS,1-6,True
33,205,264,754,905,261,623,423,728,495,362,RAMEDIS_225,RAMEDIS,7-9,True
142,77,153,774,49,411,161,574,270,296,251,RAMEDIS_227,RAMEDIS,15+,True
33,50,120,23,4,31,37,18,18,19,30,RAMEDIS_228,RAMEDIS,15+,True
7,35,31,6,3,4,1,4,2,2,2,RAMEDIS_229,RAMEDIS,10-14,True
3,6,6,279,492,4,6,16,19,6,2,RAMEDIS_231,RAMEDIS,10-14,True
10,97,50,114,43,169,17,121,33,34,45,RAMEDIS_232,RAMEDIS,7-9,True
4,13,5,7,4,18,9,2,4,2,7,RAMEDIS_233,RAMEDIS,7-9,True
217,180,80,88,17,64,131,60,90,59,86,RAMEDIS_234,RAMEDIS,1-6,True
63,62,65,299,132,328,75,280,118,134,145,RAMEDIS_235,RAMEDIS,10-14,True
32,58,38,2,23,1033,8,36,1,12,33,RAMEDIS_236,RAMEDIS,1-6,True
43,74,69,12,7,259,51,32,16,30,102,RAMEDIS_237,RAMEDIS,7-9,True
9,77,45,306,180,182,17,235,44,49,44,RAMEDIS_238,RAMEDIS,7-9,True
7,12,43,192,208,440,210,279,205,244,341,RAMEDIS_239,RAMEDIS,10-14,True
1,3,5,61,26,7,8,11,14,7,4,RAMEDIS_240,RAMEDIS,1-6,True
1,22,10,11,10,69,8,4,2,3,17,RAMEDIS_241,RAMEDIS,7-9,True
29,35,68,52,25,506,30,92,22,51,74,RAMEDIS_242,RAMEDIS,10-14,True
10,41,24,157,74,164,17,157,39,41,44,RAMEDIS_243,RAMEDIS,7-9,True
2,40,30,571,444,196,16,314,45,67,40,RAMEDIS_244,RAMEDIS,7-9,True
1,4,1,37,22,3,3,8,6,4,1,RAMEDIS_245,RAMEDIS,7-9,True
9,70,56,355,426,5,23,28,52,15,6,RAMEDIS_246,RAMEDIS,7-9,True
252,97,108,721,494,1182,961,1011,979,1090,1187,RAMEDIS_247,RAMEDIS,7-9,True
5,7,4,103,58,52,22,53,34,33,34,RAMEDIS_248,RAMEDIS,10-14,True
207,214,344,323,32,679,449,470,379,459,592,RAMEDIS_249,RAMEDIS,10-14,True
1452,1002,569,1209,1449,764,170,1030,369,493,369,RAMEDIS_250,RAMEDIS,10-14,True
20,20,10,23,9,7,58,4,10,5,8,RAMEDIS_252,RAMEDIS,15+,True
6,4,4,1,4,14,1,3,1,2,4,RAMEDIS_253,RAMEDIS,15+,True
4,2,7,21,19,16,20,14,13,12,15,RAMEDIS_254,RAMEDIS,1-6,True
16,131,106,51,47,311,25,77,12,22,61,RAMEDIS_256,RAMEDIS,10-14,True
4,115,161,72,44,99,24,45,13,23,43,RAMEDIS_257,RAMEDIS,1-6,True
2,3,3,5,5,48,7,5,2,3,13,RAMEDIS_258,RAMEDIS,10-14,True
3,102,96,12,2,44,17,4,3,2,22,RAMEDIS_261,RAMEDIS,1-6,True
2243,1474,893,2317,1860,1900,716,2433,1272,1556,1270,RAMEDIS_262,RAMEDIS,15+,True
2,14,7,41,60,226,13,51,5,13,40,RAMEDIS_263,RAMEDIS,7-9,True
656,1360,753,953,20,614,191,894,332,439,377,RAMEDIS_264,RAMEDIS,10-14,True
3,102,122,10,4,40,1,6,1,3,6,RAMEDIS_265,RAMEDIS,10-14,True
2,3,3,5,6,71,11,7,3,4,20,RAMEDIS_266,RAMEDIS,7-9,True
38,114,165,106,40,1232,81,243,64,119,207,RAMEDIS_268,RAMEDIS,10-14,True
2108,1985,1465,667,862,399,1563,586,1091,781,608,RAMEDIS_269,RAMEDIS,10-14,True
3,53,38,59,45,432,13,105,12,19,39,RAMEDIS_270,RAMEDIS,7-9,True
35,25,12,42,39,15,27,12,22,13,17,RAMEDIS_271,RAMEDIS,7-9,True
7,5,6,30,5,3,11,7,11,5,3,RAMEDIS_272,RAMEDIS,7-9,True
6,3,3,2,2,2,7,1,2,1,2,RAMEDIS_273,RAMEDIS,1-6,True
61,155,321,374,136,446,36,420,68,102,85,RAMEDIS_274,RAMEDIS,1-6,True
253,157,284,76,383,104,107,68,66,66,101,RAMEDIS_275,RAMEDIS,15+,True
16,34,20,105,84,991,19,215,26,47,56,RAMEDIS_276,RAMEDIS,10-14,True
1,2,1,92,56,67,11,43,7,14,22,RAMEDIS_277,RAMEDIS,15+,True
1,2,2,10,6,1,2,1,4,1,1,RAMEDIS_278,RAMEDIS,15+,True
2,40,32,99,57,93,14,62,16,14,27,RAMEDIS_279,RAMEDIS,1-6,True
2,101,96,55,37,112,14,42,9,12,31,RAMEDIS_280,RAMEDIS,1-6,True
10,21,16,413,303,725,16,576,50,86,50,RAMEDIS_281,RAMEDIS,7-9,True
65,101,167,64,6,87,162,51,80,53,111,RAMEDIS_282,RAMEDIS,10-14,True
864,1257,740,1616,210,299,175,573,353,332,255,RAMEDIS_283,RAMEDIS,10-14,True
16,122,197,17,15,168,28,26,9,18,62,RAMEDIS_284,RAMEDIS,1-6,True
16,11,31,3,1,215,2,23,1,7,12,RAMEDIS_285,RAMEDIS,15+,True
1617,975,518,1181,910,1197,410,1315,677,841,719,RAMEDIS_286,RAMEDIS,1-6,True
3,51,33,7,2,103,11,2,2,1,25,RAMEDIS_287,RAMEDIS,15+,True
417,719,317,80,26,103,233,64,105,85,140,RAMEDIS_288,RAMEDIS,1-6,True
2324,2436,1278,499,257,2132,1242,904,816,1103,1839,RAMEDIS_289,RAMEDIS,10-14,True
1,39,18,71,60,111,9,50,8,11,21,RAMEDIS_290,RAMEDIS,7-9,True
4,101,177,97,66,106,13,83,23,26,29,RAMEDIS_291,RAMEDIS,10-14,True
121,127,67,6,6,40,62,16,20,24,41,RAMEDIS_292,RAMEDIS,1-6,True
2,2,2,10,9,45,8,6,6,5,17,RAMEDIS_293,RAMEDIS,15+,True
408,348,516,2160,199,710,374,1158,727,753,533,RAMEDIS_294,RAMEDIS,1-6,True
9,26,36,11,2,17,6,6,3,3,8,RAMEDIS_295,RAMEDIS,10-14,True
1,4,6,23,4,7,2,3,4,2,4,RAMEDIS_296,RAMEDIS,7-9,True
25,42,40,3,4,36,5,8,4,5,12,RAMEDIS_297,RAMEDIS,15+,True
6,2,3,1,1,2,5,1,1,1,2,RAMEDIS_298,RAMEDIS,10-14,True
6,11,9,28,4,6,8,10,10,7,4,RAMEDIS_299,RAMEDIS,1-6,True
13,14,22,43,7,20,15,18,14,13,15,RAMEDIS_300,RAMEDIS,7-9,True
22,6,3,87,80,17,23,29,35,22,19,RAMEDIS_301,RAMEDIS,10-14,True
1,22,12,42,12,25,5,11,8,4,7,RAMEDIS_302,RAMEDIS,7-9,True
1368,1011,323,60,16,335,518,110,113,149,426,RAMEDIS_303,RAMEDIS,1-6,True
127,120,172,126,24,455,225,204,165,210,324,RAMEDIS_304,RAMEDIS,10-14,True
8,101,107,15,17,57,11,6,7,4,22,RAMEDIS_307,RAMEDIS,1-6,True
1,1,1,6,4,4,9,5,6,4,4,RAMEDIS_308,RAMEDIS,15+,True
1096,1744,1354,227,212,418,755,282,377,384,555,RAMEDIS_309,RAMEDIS,1-6,True
1,6,1,43,50,29,6,5,3,1,11,RAMEDIS_310,RAMEDIS,15+,True
6,3,3,1,1,2,7,1,1,1,2,RAMEDIS_311,RAMEDIS,15+,True
270,472,346,17,4,97,55,28,14,21,76,RAMEDIS_312,RAMEDIS,10-14,True
6,31,14,22,12,69,15,8,6,3,28,RAMEDIS_313,RAMEDIS,10-14,True
405,424,229,1932,1816,427,361,745,659,535,400,RAMEDIS_314,RAMEDIS,1-6,True
752,1418,605,619,3,217,161,353,271,242,207,RAMEDIS_315,RAMEDIS,10-14,True
13,120,211,237,108,59,16,69,21,18,21,RAMEDIS_317,RAMEDIS,7-9,True
29,5,7,45,35,15,24,18,21,14,14,RAMEDIS_318,RAMEDIS,7-9,True
1,1,1,100,59,7,11,8,18,3,6,RAMEDIS_319,RAMEDIS,1-6,True
1,10,13,220,134,46,14,61,27,19,21,RAMEDIS_320,RAMEDIS,1-6,True
10,38,24,1,2,51,5,4,1,3,12,RAMEDIS_321,RAMEDIS,10-14,True
22,6,3,24,45,19,10,8,9,6,12,RAMEDIS_323,RAMEDIS,10-14,True
18,148,88,21,12,680,19,45,2,8,57,RAMEDIS_324,RAMEDIS,15+,True
49,40,41,100,6,264,22,137,26,47,59,RAMEDIS_325,RAMEDIS,15+,True
100,80,43,20,19,230,8,39,5,17,24,RAMEDIS_326,RAMEDIS,10-14,True
109,154,107,147,39,751,25,266,32,82,76,RAMEDIS_327,RAMEDIS,1-6,True
4,6,2,458,522,3,40,16,79,10,2,RAMEDIS_328,RAMEDIS,1-6,True
1,1,1,112,112,26,15,20,11,8,18,RAMEDIS_329,RAMEDIS,15+,True
2,9,5,27,11,3,3,6,5,4,2,RAMEDIS_330,RAMEDIS,7-9,True
12,46,38,224,303,416,16,307,17,44,46,RAMEDIS_331,RAMEDIS,10-14,True
119,135,65,22,52,497,14,52,8,20,45,RAMEDIS_332,RAMEDIS,15+,True
41,65,10,27,23,390,40,53,7,14,93,RAMEDIS_333,RAMEDIS,1-6,True
161,103,178,242,21,1087,159,415,172,261,340,RAMEDIS_334,RAMEDIS,15+,True
863,678,240,1367,1864,147,66,320,164,147,103,RAMEDIS_335,RAMEDIS,10-14,True
16,3,1,59,43,10,6,20,11,10,6,RAMEDIS_336,RAMEDIS,15+,True
154,85,51,702,33,191,48,328,102,129,99,RAMEDIS_337,RAMEDIS,10-14,True
2,67,47,27,14,247,14,36,9,13,37,RAMEDIS_338,RAMEDIS,7-9,True
2,30,22,29,27,14,6,6,8,4,7,RAMEDIS_340,RAMEDIS,1-6,True
61,63,26,7,1,14,12,7,6,7,12,RAMEDIS_341,RAMEDIS,1-6,True
652,376,370,169,11,813,542,290,242,325,744,RAMEDIS_343,RAMEDIS,15+,True
1659,1034,1347,1693,219,585,1582,965,1878,1137,788,RAMEDIS_344,RAMEDIS,1-6,True
1257,912,438,815,24,239,444,389,603,416,298,RAMEDIS_346,RAMEDIS,1-6,True
2429,1482,1405,1472,67,3550,1703,2413,1730,2236,2879,RAMEDIS_347,RAMEDIS,1-6,True
24,12,14,1,2,2,32,1,1,1,4,RAMEDIS_349,RAMEDIS,1-6,True
2,54,39,17,17,101,15,3,5,4,32,RAMEDIS_350,RAMEDIS,10-14,True
15,9,2,24,11,2,15,2,3,1,2,RAMEDIS_351,RAMEDIS,1-6,True
10,50,28,101,15,214,16,122,15,24,45,RAMEDIS_352,RAMEDIS,7-9,True
9,42,79,39,45,17,43,12,26,10,20,RAMEDIS_354,RAMEDIS,15+,True
18,5,2,32,115,544,1,70,4,10,11,RAMEDIS_356,RAMEDIS,10-14,True
139,334,99,396,1745,152,4,219,24,41,19,RAMEDIS_357,RAMEDIS,7-9,True
11,16,8,349,281,51,5,90,16,22,14,RAMEDIS_359,RAMEDIS,7-9,True
5,98,48,5,5,16,12,3,5,3,12,RAMEDIS_360,RAMEDIS,1-6,True
1561,1756,877,53,176,712,347,122,89,156,537,RAMEDIS_361,RAMEDIS,7-9,True
113,103,88,1288,123,388,47,686,113,162,111,RAMEDIS_362,RAMEDIS,7-9,True
25,183,232,124,51,436,25,170,43,63,64,RAMEDIS_364,RAMEDIS,10-14,True
2,16,10,6,4,48,6,2,1,1,11,RAMEDIS_366,RAMEDIS,10-14,True
6,14,25,17,2,2,9,6,5,3,2,RAMEDIS_367,RAMEDIS,10-14,True
1,34,17,259,117,88,11,120,26,24,25,RAMEDIS_368,RAMEDIS,1-6,True
52,65,41,4,2,181,7,12,4,8,23,RAMEDIS_369,RAMEDIS,15+,True
123,37,14,436,383,13,3,33,14,5,3,RAMEDIS_370,RAMEDIS,1-6,True
1854,1359,1038,2334,2045,3743,1393,3299,1978,2475,2568,RAMEDIS_371,RAMEDIS,10-14,True
1,1,1,1,1,1,1,1,1,1,1,RAMEDIS_372,RAMEDIS,1-6,True
494,1187,754,1160,213,1027,172,1202,330,474,399,RAMEDIS_373,RAMEDIS,10-14,True
1220,1432,1483,690,940,427,1626,605,1183,820,643,RAMEDIS_374,RAMEDIS,7-9,True
3,20,39,24,5,11,12,7,3,3,8,RAMEDIS_375,RAMEDIS,10-14,True
1721,1684,713,265,3,284,533,293,342,322,357,RAMEDIS_376,RAMEDIS,7-9,True
61,57,49,193,140,252,73,203,100,126,141,RAMEDIS_377,RAMEDIS,10-14,True
424,366,349,272,426,394,61,325,99,153,149,RAMEDIS_378,RAMEDIS,15+,True
11,40,39,132,79,6,6,24,10,4,3,RAMEDIS_379,RAMEDIS,10-14,True
1,3,5,139,84,18,12,15,18,10,10,RAMEDIS_380,RAMEDIS,1-6,True
10,10,14,31,2,3,6,5,5,3,3,RAMEDIS_382,RAMEDIS,10-14,True
1201,2289,1394,1516,270,1338,434,1584,769,947,783,RAMEDIS_383,RAMEDIS,7-9,True
39,153,223,546,722,620,356,647,475,538,492,RAMEDIS_384,RAMEDIS,10-14,True
95,164,197,112,12,250,161,147,108,138,218,RAMEDIS_385,RAMEDIS,15+,True
2,8,8,169,96,56,12,49,23,13,20,RAMEDIS_388,RAMEDIS,1-6,True
273,205,127,19,52,887,51,55,14,37,130,RAMEDIS_389,RAMEDIS,10-14,True
17,3,5,67,135,65,33,41,27,29,47,RAMEDIS_390,RAMEDIS,15+,True
2,55,111,19,2,280,16,40,2,11,46,RAMEDIS_393,RAMEDIS,10-14,True
283,181,368,988,125,1557,474,1331,679,890,892,RAMEDIS_394,RAMEDIS,7-9,True
1288,330,165,431,279,771,192,604,278,378,387,RAMEDIS_396,RAMEDIS,15+,True
4,4,2,42,17,29,4,20,9,9,6,RAMEDIS_397,RAMEDIS,15+,True
27,78,85,27,4,35,22,21,17,16,25,RAMEDIS_398,RAMEDIS,15+,True
3,11,10,39,9,25,9,11,8,7,11,RAMEDIS_399,RAMEDIS,1-6,True
1823,1509,888,958,525,625,1403,895,1385,1121,853,RAMEDIS_400,RAMEDIS,7-9,True
37,24,29,9,13,328,55,19,13,23,120,RAMEDIS_401,RAMEDIS,7-9,True
154,230,70,94,8,708,12,175,24,47,40,RAMEDIS_402,RAMEDIS,15+,True
20,47,33,18,2,52,44,11,7,6,45,RAMEDIS_403,RAMEDIS,15+,True
51,107,26,4,10,207,2,13,1,4,14,RAMEDIS_405,RAMEDIS,1-6,True
3500,3500,2066,2775,2189,3506,3500,3669,3722,3801,3587,RAMEDIS_406,RAMEDIS,1-6,True
10,28,24,54,20,55,42,38,32,29,44,RAMEDIS_407,RAMEDIS,7-9,True
129,36,11,49,165,1618,3,123,16,31,18,RAMEDIS_408,RAMEDIS,10-14,True
1,3,4,13,3,71,14,4,3,2,29,RAMEDIS_409,RAMEDIS,10-14,True
2,34,39,31,7,408,16,53,7,16,46,RAMEDIS_410,RAMEDIS,7-9,True
2,9,5,34,34,18,12,8,6,7,11,RAMEDIS_411,RAMEDIS,10-14,True
296,83,193,214,65,1057,130,381,145,228,296,RAMEDIS_412,RAMEDIS,15+,True
202,77,151,404,18,341,163,403,217,251,259,RAMEDIS_413,RAMEDIS,10-14,True
20,104,84,36,6,11,1,5,2,2,4,RAMEDIS_414,RAMEDIS,1-6,True
3,28,14,21,6,33,7,3,4,2,11,RAMEDIS_415,RAMEDIS,10-14,True
60,31,14,40,93,1784,2,112,9,31,22,RAMEDIS_416,RAMEDIS,10-14,True
1,100,101,32,25,131,14,18,3,6,32,RAMEDIS_417,RAMEDIS,7-9,True
11,11,18,464,487,41,233,91,325,115,64,RAMEDIS_418,RAMEDIS,1-6,True
402,319,135,321,460,144,61,209,91,96,102,RAMEDIS_419,RAMEDIS,15+,True
1,3,1,89,80,99,18,70,13,19,36,RAMEDIS_420,RAMEDIS,15+,True
4,36,70,150,61,68,10,80,18,21,20,RAMEDIS_421,RAMEDIS,7-9,True
14,4,2,76,64,54,16,35,23,22,29,RAMEDIS_423,RAMEDIS,10-14,True
48,82,48,419,446,243,45,306,85,102,96,RAMEDIS_425,RAMEDIS,1-6,True
12,104,66,97,57,298,24,151,19,35,59,RAMEDIS_426,RAMEDIS,7-9,True
3,1,1,38,30,1,4,9,11,5,1,RAMEDIS_427,RAMEDIS,10-14,True
21,22,24,9,1,24,28,6,7,7,25,RAMEDIS_428,RAMEDIS,7-9,True
234,233,202,113,10,3508,385,284,173,282,942,RAMEDIS_429,RAMEDIS,1-6,True
13,6,7,24,27,8,11,2,7,2,5,RAMEDIS_430,RAMEDIS,1-6,True
8,8,21,283,253,398,147,337,197,246,253,RAMEDIS_431,RAMEDIS,10-14,True
1153,300,147,543,553,1568,120,928,201,315,295,RAMEDIS_432,RAMEDIS,15+,True
359,839,609,797,322,603,33,750,97,152,92,RAMEDIS_433,RAMEDIS,10-14,True
119,189,183,1965,1585,544,354,958,703,654,451,RAMEDIS_434,RAMEDIS,7-9,True
85,78,57,17,26,1021,10,57,5,25,34,RAMEDIS_435,RAMEDIS,7-9,True
1,1,1,41,42,9,4,4,3,2,4,RAMEDIS_436,RAMEDIS,15+,True
19,9,6,58,26,6,17,18,24,11,6,RAMEDIS_437,RAMEDIS,10-14,True
1,1,1,28,9,1,7,5,6,4,2,RAMEDIS_438,RAMEDIS,1-6,True
897,1099,633,1472,648,2321,212,2006,421,635,518,RAMEDIS_440,RAMEDIS,7-9,True
216,395,247,1506,1432,3503,115,2333,252,398,288,RAMEDIS_441,RAMEDIS,1-6,True
68,17,9,57,63,77,79,34,55,39,89,RAMEDIS_443,RAMEDIS,15+,True
6,4,2,1,1,7,1,1,1,1,2,RAMEDIS_445,RAMEDIS,7-9,True
16,29,32,9,18,3152,6,40,3,15,24,RAMEDIS_446,RAMEDIS,1-6,True
19,27,36,24,2,19,19,12,16,14,17,RAMEDIS_447,RAMEDIS,15+,True
49,50,57,2,4,108,55,11,12,15,86,RAMEDIS_448,RAMEDIS,15+,True
5,93,100,142,84,53,13,54,16,18,20,RAMEDIS_450,RAMEDIS,7-9,True
21,42,18,2,23,661,1,41,1,9,12,RAMEDIS_451,RAMEDIS,7-9,True
9,95,42,201,104,133,17,165,45,42,40,RAMEDIS_452,RAMEDIS,7-9,True
318,864,617,300,113,1914,128,557,177,282,316,RAMEDIS_453,RAMEDIS,15+,True
5,2,2,1,4,5,2,1,1,1,2,RAMEDIS_454,RAMEDIS,15+,True
2,46,116,100,48,24,9,16,16,10,12,RAMEDIS_455,RAMEDIS,10-14,True
1,23,7,3,4,55,9,3,2,1,16,RAMEDIS_456,RAMEDIS,10-14,True
8,74,48,27,16,247,16,35,5,7,43,RAMEDIS_457,RAMEDIS,10-14,True
2073,2735,1987,23,100,647,719,66,60,111,753,RAMEDIS_458,RAMEDIS,7-9,True
2286,1252,785,2300,1056,1870,713,2350,1315,1637,1337,RAMEDIS_459,RAMEDIS,10-14,True
244,400,494,188,672,215,235,187,186,194,243,RAMEDIS_460,RAMEDIS,15+,True
14,7,7,14,2,11,19,6,8,6,13,RAMEDIS_461,RAMEDIS,7-9,True
3,33,10,16,8,18,10,5,8,5,11,RAMEDIS_462,RAMEDIS,10-14,True
6,4,4,48,6,85,10,24,13,12,24,RAMEDIS_463,RAMEDIS,1-6,True
9,103,86,43,17,189,17,51,13,10,47,RAMEDIS_464,RAMEDIS,10-14,True
2,4,12,9,6,13,7,8,6,6,9,RAMEDIS_465,RAMEDIS,10-14,True
3,98,41,118,39,54,9,48,19,18,19,RAMEDIS_467,RAMEDIS,1-6,True
1693,1320,1710,1169,1423,1467,1795,1515,1611,1701,1719,RAMEDIS_468,RAMEDIS,10-14,True
1,5,11,42,29,35,9,12,9,7,14,RAMEDIS_469,RAMEDIS,1-6,True
4,2,3,1,1,2,4,1,1,1,1,RAMEDIS_470,RAMEDIS,15+,True
101,103,104,1,1,37,28,1,1,2,29,RAMEDIS_471,RAMEDIS,1-6,True
30,82,88,57,15,91,33,51,34,41,51,RAMEDIS_472,RAMEDIS,1-6,True
43,2,1,475,320,14,46,44,91,36,21,RAMEDIS_473,RAMEDIS,1-6,True
2,3,5,201,107,22,14,20,24,12,13,RAMEDIS_474,RAMEDIS,1-6,True
4,3,1,4,3,7,7,1,2,1,1,RAMEDIS_475,RAMEDIS,10-14,True
64,94,75,19,9,71,153,9,19,17,87,RAMEDIS_476,RAMEDIS,7-9,True
7,105,133,65,44,52,8,21,10,9,19,RAMEDIS_477,RAMEDIS,7-9,True
4,10,21,6,1,44,1,13,1,3,5,RAMEDIS_478,RAMEDIS,10-14,True
10,107,40,15,6,13,1,4,3,2,3,RAMEDIS_479,RAMEDIS,7-9,True
91,33,10,380,655,650,1,543,18,48,12,RAMEDIS_480,RAMEDIS,15+,True
31,56,25,17,25,285,5,42,4,12,19,RAMEDIS_481,RAMEDIS,10-14,True
1,33,15,66,67,34,8,8,14,3,11,RAMEDIS_482,RAMEDIS,1-6,True
57,66,31,681,682,733,52,795,101,165,137,RAMEDIS_483,RAMEDIS,1-6,True
109,323,337,88,4,83,229,56,117,75,115,RAMEDIS_484,RAMEDIS,10-14,True
7,45,19,221,88,361,17,273,31,54,45,RAMEDIS_485,RAMEDIS,1-6,True
5,66,9,44,60,27,1,15,2,2,4,RAMEDIS_487,RAMEDIS,7-9,True
19,43,52,398,124,322,85,391,135,156,150,RAMEDIS_488,RAMEDIS,1-6,True
33,56,41,543,217,404,41,463,94,117,91,RAMEDIS_489,RAMEDIS,10-14,True
1361,1629,1214,2490,1464,3747,464,3372,908,1303,1088,RAMEDIS_490,RAMEDIS,15+,True
943,396,184,206,406,1200,94,391,103,183,229,RAMEDIS_491,RAMEDIS,15+,True
6,117,264,52,30,79,10,27,11,15,21,RAMEDIS_492,RAMEDIS,1-6,True
26,67,144,32,7,76,36,29,17,26,42,RAMEDIS_493,RAMEDIS,10-14,True
730,542,608,1851,1819,3515,695,2730,1176,1628,1430,RAMEDIS_494,RAMEDIS,1-6,True
22,22,18,53,9,13,20,16,22,14,13,RAMEDIS_496,RAMEDIS,7-9,True
47,100,136,1997,1594,472,371,859,726,631,455,RAMEDIS_497,RAMEDIS,7-9,True
304,309,157,78,191,706,50,159,37,84,129,RAMEDIS_498,RAMEDIS,1-6,True
46,54,36,17,7,98,31,31,13,22,58,RAMEDIS_499,RAMEDIS,15+,True
22,40,45,83,101,156,37,74,18,31,65,RAMEDIS_500,RAMEDIS,7-9,True
19,7,8,251,237,19,19,52,52,35,19,RAMEDIS_501,RAMEDIS,15+,True
2,2,2,5,12,60,10,8,3,3,16,RAMEDIS_502,RAMEDIS,1-6,True
1285,1661,1138,2684,1754,3767,399,3492,803,1163,949,RAMEDIS_503,RAMEDIS,15+,True
13,2,3,2,5,1,9,1,2,2,2,RAMEDIS_506,RAMEDIS,10-14,True
2,92,59,9,4,189,14,16,6,7,38,RAMEDIS_507,RAMEDIS,7-9,True
198,149,230,1511,94,832,217,1223,413,505,404,RAMEDIS_508,RAMEDIS,15+,True
4,31,15,72,24,418,13,117,15,32,42,RAMEDIS_509,RAMEDIS,10-14,True
3,27,3,52,66,32,1,21,1,1,4,RAMEDIS_510,RAMEDIS,7-9,True
1,1,1,11,3,4,1,2,1,1,3,RAMEDIS_511,RAMEDIS,15+,True
52,78,32,173,388,2913,3,398,6,33,16,RAMEDIS_512,RAMEDIS,10-14,True
9,3,32,15,6,3,54,8,24,14,10,RAMEDIS_513,RAMEDIS,15+,True
234,191,124,211,27,406,269,293,229,278,368,RAMEDIS_514,RAMEDIS,1-6,True
19,66,48,200,122,24,26,53,48,28,21,RAMEDIS_515,RAMEDIS,10-14,True
1110,754,388,655,622,1165,286,892,444,603,584,RAMEDIS_516,RAMEDIS,10-14,True
9,6,7,3,1,26,4,2,2,2,9,RAMEDIS_517,RAMEDIS,1-6,True
2,45,25,54,31,70,14,22,9,7,27,RAMEDIS_518,RAMEDIS,7-9,True
1,1,1,33,17,3,3,2,3,2,1,RAMEDIS_519,RAMEDIS,10-14,True
461,387,391,733,70,1808,338,1174,480,680,695,RAMEDIS_521,RAMEDIS,7-9,True
8,33,17,58,23,109,18,44,17,13,38,RAMEDIS_522,RAMEDIS,7-9,True
3,2,1,1,1,3,1,2,1,1,2,RAMEDIS_523,RAMEDIS,15+,True
212,194,95,269,415,1191,27,476,56,101,77,RAMEDIS_524,RAMEDIS,15+,True
142,144,90,2799,2623,49,221,129,504,134,72,RAMEDIS_527,RAMEDIS,1-6,True
68,103,111,11,13,93,25,11,5,9,44,RAMEDIS_528,RAMEDIS,10-14,True
415,135,64,44,39,1682,22,124,19,45,66,RAMEDIS_529,RAMEDIS,15+,True
3,3,3,1,1,1,2,1,1,1,1,RAMEDIS_530,RAMEDIS,10-14,True
41,33,34,113,155,142,83,110,65,73,112,RAMEDIS_531,RAMEDIS,7-9,True
2,100,90,39,27,130,13,26,9,10,32,RAMEDIS_532,RAMEDIS,10-14,True
1444,772,332,537,324,428,143,519,230,290,257,RAMEDIS_534,RAMEDIS,7-9,True
12,112,163,47,34,59,12,15,9,9,20,RAMEDIS_535,RAMEDIS,7-9,True
1,4,5,51,28,69,9,17,9,6,17,RAMEDIS_536,RAMEDIS,1-6,True
2,30,10,206,149,64,7,96,14,19,16,RAMEDIS_537,RAMEDIS,10-14,True
8,135,601,117,56,85,11,64,13,16,22,RAMEDIS_539,RAMEDIS,7-9,True
2,101,96,67,42,109,14,45,11,15,29,RAMEDIS_540,RAMEDIS,1-6,True
2293,1693,1275,1688,5,295,1765,570,1949,796,491,RAMEDIS_543,RAMEDIS,1-6,True
7,6,6,15,7,41,17,9,9,7,23,RAMEDIS_544,RAMEDIS,1-6,True
419,937,332,2227,2580,458,12,847,57,95,39,RAMEDIS_545,RAMEDIS,15+,True
9,128,234,64,47,132,27,66,19,30,53,RAMEDIS_547,RAMEDIS,1-6,True
350,406,177,168,226,91,125,100,123,83,113,RAMEDIS_548,RAMEDIS,1-6,True
1,7,6,1,5,48,10,3,2,3,15,RAMEDIS_549,RAMEDIS,7-9,True
2,5,5,1,1,1,1,1,1,1,1,RAMEDIS_550,RAMEDIS,15+,True
2451,2946,2483,2681,72,3545,1815,3610,2521,3216,3139,RAMEDIS_552,RAMEDIS,1-6,True
145,141,141,279,29,144,161,165,180,142,151,RAMEDIS_553,RAMEDIS,7-9,True
1529,2662,2577,1798,30,3543,1229,2659,1690,2106,2143,RAMEDIS_554,RAMEDIS,1-6,True
24,22,25,35,5,18,22,17,16,16,17,RAMEDIS_556,RAMEDIS,1-6,True
9,13,24,1150,1018,397,172,641,350,358,279,RAMEDIS_557,RAMEDIS,7-9,True
170,76,21,573,150,3,30,31,64,22,4,RAMEDIS_558,RAMEDIS,7-9,True
49,20,19,25,7,3772,18,61,12,22,54,RAMEDIS_561,RAMEDIS,1-6,True
4,2,2,1,1,2,3,1,1,1,2,RAMEDIS_565,RAMEDIS,7-9,True
1793,2225,1764,259,849,941,1157,434,466,581,1170,RAMEDIS_566,RAMEDIS,7-9,True
7,30,30,28,8,39,10,10,8,7,19,RAMEDIS_567,RAMEDIS,7-9,True
6,100,74,2,1,23,1,3,1,1,4,RAMEDIS_568,RAMEDIS,10-14,True
1,99,89,43,22,120,11,27,5,9,26,RAMEDIS_569,RAMEDIS,1-6,True
2,101,68,35,21,82,14,13,10,6,28,RAMEDIS_570,RAMEDIS,1-6,True
10,41,24,127,41,167,17,134,33,34,44,RAMEDIS_571,RAMEDIS,7-9,True
31,30,10,290,313,1244,1,511,20,58,10,RAMEDIS_572,RAMEDIS,7-9,True
32,78,94,11,52,848,3,51,4,14,17,RAMEDIS_573,RAMEDIS,7-9,True
72,218,71,2549,2616,57,268,146,561,184,102,RAMEDIS_574,RAMEDIS,1-6,True
106,84,153,422,36,534,88,496,144,189,180,RAMEDIS_575,RAMEDIS,15+,True
4,46,11,19,4,2,1,4,5,2,1,RAMEDIS_576,RAMEDIS,1-6,True
6,4,2,64,4,5,11,4,10,2,1,RAMEDIS_577,RAMEDIS,15+,True
1,99,94,33,38,98,11,13,6,6,25,RAMEDIS_578,RAMEDIS,7-9,True
10,5,2,1,3,7,5,3,2,2,3,RAMEDIS_579,RAMEDIS,15+,True
6,21,21,50,11,11,10,13,12,7,8,RAMEDIS_580,RAMEDIS,7-9,True
6,56,63,104,73,77,13,59,19,26,27,RAMEDIS_581,RAMEDIS,1-6,True
359,182,286,55,3,1305,223,117,77,125,469,RAMEDIS_582,RAMEDIS,15+,True
13,73,44,17,12,229,19,32,5,11,49,RAMEDIS_584,RAMEDIS,10-14,True
2,2,1,2,1,23,1,1,1,1,5,RAMEDIS_585,RAMEDIS,10-14,True
491,438,742,2010,122,946,456,1468,862,930,709,RAMEDIS_586,RAMEDIS,1-6,True
1,4,1,186,217,60,13,81,8,15,23,RAMEDIS_588,RAMEDIS,15+,True
22,98,64,33,11,105,27,31,22,24,46,RAMEDIS_589,RAMEDIS,7-9,True
4,7,14,5,4,1,13,1,2,1,1,RAMEDIS_590,RAMEDIS,1-6,True
10,63,77,27,17,19,25,5,9,6,16,RAMEDIS_591,RAMEDIS,10-14,True
404,321,810,2144,486,1818,462,2291,862,1178,973,RAMEDIS_595,RAMEDIS,7-9,True
145,137,349,1060,1004,747,614,960,894,872,724,RAMEDIS_596,RAMEDIS,7-9,True
77,61,72,245,383,1530,113,471,146,212,285,RAMEDIS_597,RAMEDIS,7-9,True
8,42,25,54,35,129,15,50,15,13,37,RAMEDIS_598,RAMEDIS,7-9,True
18,17,103,21,7,23,43,15,20,17,27,RAMEDIS_600,RAMEDIS,10-14,True
6,22,14,34,8,8,7,2,5,2,3,RAMEDIS_602,RAMEDIS,7-9,True
79,84,154,338,38,759,45,501,85,137,114,RAMEDIS_603,RAMEDIS,15+,True
4,9,1,145,85,185,37,155,29,41,80,RAMEDIS_604,RAMEDIS,10-14,True
9,32,17,167,17,292,15,203,38,47,42,RAMEDIS_605,RAMEDIS,10-14,True
1032,1032,593,2432,162,1574,574,2398,1015,1142,896,RAMEDIS_607,RAMEDIS,1-6,True
15,181,361,166,99,83,11,84,21,20,22,RAMEDIS_608,RAMEDIS,1-6,True
1,1,2,2,1,1,2,1,2,1,1,RAMEDIS_609,RAMEDIS,7-9,True
2,103,97,191,227,176,14,179,17,32,35,RAMEDIS_610,RAMEDIS,7-9,True
9,69,59,236,37,31,128,60,167,62,41,RAMEDIS_611,RAMEDIS,7-9,True
21,3,1,41,20,4,14,15,17,9,2,RAMEDIS_614,RAMEDIS,10-14,True
6,4,5,9,10,137,11,15,3,4,33,RAMEDIS_615,RAMEDIS,7-9,True
695,862,453,10,61,1464,76,54,15,50,191,RAMEDIS_617,RAMEDIS,7-9,True
448,308,306,1071,46,307,259,464,412,342,289,RAMEDIS_619,RAMEDIS,1-6,True
1,129,64,22,33,17,11,2,4,2,9,RAMEDIS_620,RAMEDIS,1-6,True
2069,1714,859,346,144,187,347,236,338,258,234,RAMEDIS_621,RAMEDIS,7-9,True
35,57,89,1755,1407,466,331,819,642,590,415,RAMEDIS_623,RAMEDIS,10-14,True
2,6,3,29,32,1,1,1,2,1,1,MME_0,MME,10-14,True
1,1,1,1,1,1,1,1,1,1,1,MME_4,MME,10-14,True
1,2,1,13,9,3,1,2,3,1,1,MME_10,MME,1-6,True
43,22,6,37,28,21,3,9,6,5,6,MME_11,MME,7-9,True
38,38,11,131,51,24,1,32,11,11,5,MME_12,MME,7-9,True
92,53,56,66,29,7,16,4,8,3,8,MME_13,MME,7-9,True
466,286,114,435,254,26,70,62,135,39,30,MME_14,MME,1-6,True
7,2,2,23,5,6,1,2,1,1,2,MME_15,MME,1-6,True
65,138,65,60,15,354,7,111,8,24,23,MME_16,MME,1-6,True
2,2,1,68,69,2,1,7,8,2,1,MME_17,MME,7-9,True
8,5,2,54,40,7,2,11,9,2,1,MME_18,MME,7-9,True
5,9,2,19,35,1,1,4,3,2,1,MME_19,MME,7-9,True
1,2,1,48,16,6,1,10,7,3,1,MME_20,MME,7-9,True
4,5,1,21,363,33,1,14,1,2,6,MME_22,MME,10-14,True
1,2,1,28,48,6,1,9,2,2,1,MME_23,MME,15+,True
1,1,1,26,9,12,47,2,11,2,13,MME_24,MME,15+,True
1,1,1,9,6,17,42,1,4,1,16,MME_25,MME,10-14,True
1,1,1,13,9,19,68,1,7,2,25,MME_26,MME,15+,True
12,2,31,104,116,68,543,55,208,101,111,MME_27,MME,15+,True
41,43,267,574,529,738,1081,711,871,889,948,MME_28,MME,10-14,True
11,13,85,454,402,86,521,153,554,231,150,MME_29,MME,15+,True
10,2,31,406,391,74,684,150,594,227,123,MME_30,MME,15+,True
352,424,128,802,210,210,61,376,143,156,114,MME_31,MME,1-6,True
279,337,208,328,994,106,3,181,34,46,15,MME_32,MME,7-9,True
15,29,3,1,1,1,1,1,1,1,1,MME_33,MME,15+,True
1,1,2,47,27,8,2,7,4,4,2,MME_35,MME,7-9,True
5,2,3,650,470,2,16,31,51,18,2,MME_38,MME,1-6,True
1,1,3,9,2,45,93,7,6,6,55,MME_39,MME,15+,True
71,9,3,16,6,55,46,10,16,12,50,HMS_1,HMS,1-6,True
3,1,1,2,4,41,20,3,2,2,26,HMS_2,HMS,15+,True
1,1,1,7,4,3,3,4,4,3,2,HMS_3,HMS,7-9,True
17,10,36,67,75,2,47,12,32,10,2,HMS_4,HMS,15+,True
17,4,5,31,38,27,21,19,14,13,19,HMS_5,HMS,15+,True
3,5,4,43,27,5,18,4,13,2,4,HMS_7,HMS,15+,True
32,20,18,110,216,73,89,72,81,67,84,HMS_9,HMS,15+,True
1,1,1,10,11,38,2,9,1,4,8,HMS_10,HMS,15+,True
10,2,7,13,18,1,27,6,8,3,3,HMS_11,HMS,15+,False
13,4,3,10,9,37,44,8,15,13,41,HMS_13,HMS,15+,True
2,2,1,10,9,5,3,3,4,3,3,HMS_14,HMS,10-14,True
6,8,39,83,68,15,95,22,69,35,24,HMS_15,HMS,15+,True
24,38,45,52,105,25,10,28,17,15,13,HMS_16,HMS,15+,True
336,201,66,2351,1847,73,72,168,161,66,67,HMS_17,HMS,7-9,True
7,85,124,35,26,228,227,47,41,52,244,HMS_18,HMS,10-14,True
691,703,481,888,36,308,663,493,863,592,444,HMS_19,HMS,15+,True
27,70,5,39,23,44,9,28,8,10,16,HMS_20,HMS,15+,False
1,2,15,6,3,19,78,3,9,6,25,HMS_21,HMS,15+,True
7,2,1,18,16,157,3,26,2,6,14,HMS_22,HMS,15+,True
66,21,15,24,71,63,67,17,15,25,57,HMS_23,HMS,15+,True
26,285,58,2246,3600,187,1,402,28,48,11,HMS_24,HMS,10-14,True
1,1,1,3,2,12,2,2,1,1,1,HMS_25,HMS,7-9,True
133,103,58,385,361,83,91,134,139,92,94,HMS_26,HMS,15+,True
3,8,1,20,12,90,9,12,4,4,23,HMS_27,HMS,7-9,True
26,3,3,3,4,39,11,8,3,5,24,HMS_29,HMS,7-9,True
155,96,130,32,51,142,81,43,28,42,107,HMS_30,HMS,10-14,True
72,122,29,84,164,30,69,28,46,28,36,HMS_31,HMS,10-14,True
22,7,6,2,1,40,52,5,6,6,38,HMS_32,HMS,10-14,True
73,25,45,73,37,65,129,54,80,64,84,HMS_33,HMS,15+,True
81,87,61,4,7,23,79,3,12,8,35,HMS_35,HMS,15+,False
2,1,1,7,7,20,17,8,4,4,16,HMS_36,HMS,15+,False
1,1,1,3,4,2,12,1,2,2,2,HMS_37,HMS,10-14,True
2,1,5,2,2,5,32,3,4,4,6,HMS_38,HMS,15+,False
215,177,108,588,46,40,310,98,399,138,68,HMS_39,HMS,15+,True
2,5,2,25,33,4,13,4,5,2,5,HMS_40,HMS,7-9,True
1054,1311,928,2309,2020,1666,436,2295,836,1079,858,HMS_41,HMS,10-14,True
111,64,34,150,233,39,83,60,87,58,53,HMS_43,HMS,15+,True
5,12,2,2,1,3,2,1,1,1,2,HMS_44,HMS,7-9,False
180,42,12,133,98,8,9,36,26,8,4,HMS_45,HMS,15+,False
1,1,1,2,4,4,2,2,2,1,1,HMS_46,HMS,10-14,True
51,25,120,7,15,257,324,29,29,53,289,HMS_47,HMS,15+,True
73,44,28,11,6,33,131,10,15,14,50,HMS_49,HMS,7-9,False
34,74,20,89,61,177,8,109,18,36,24,HMS_50,HMS,15+,True
1,1,1,9,7,13,11,1,1,1,8,HMS_51,HMS,7-9,True
37,8,6,89,30,4,41,12,43,12,5,HMS_52,HMS,15+,True
332,164,69,2,1,559,124,33,21,43,238,HMS_53,HMS,15+,True
14,36,12,9,4,117,2,30,3,9,12,HMS_54,HMS,15+,True
1,9,3,1,3,1,1,1,1,1,1,HMS_55,HMS,15+,True
98,32,25,89,59,157,186,101,111,110,181,HMS_56,HMS,10-14,True
527,264,233,443,502,443,437,457,445,459,456,HMS_57,HMS,15+,True
3,2,1,2,3,46,11,10,2,7,21,HMS_58,HMS,10-14,True
1,1,1,8,11,1,7,2,1,1,1,HMS_59,HMS,15+,True
18,36,27,30,42,80,13,31,9,15,26,HMS_60,HMS,15+,True
39,15,21,28,10,26,44,14,15,11,33,HMS_61,HMS,15+,False
26,29,6,85,61,59,9,50,15,23,19,HMS_63,HMS,15+,False
43,59,37,49,64,253,110,82,58,80,168,HMS_64,HMS,15+,True
36,16,38,38,7,497,18,93,9,29,51,HMS_65,HMS,15+,True
231,146,329,1533,1805,1410,178,1696,382,552,421,HMS_67,HMS,15+,True
30,24,24,131,72,59,26,61,64,74,73,HMS_68,HMS,15+,False
21,12,34,57,28,152,127,70,70,77,141,HMS_69,HMS,15+,True
74,68,20,11,75,40,7,5,2,2,13,HMS_70,HMS,10-14,True
12,9,3,49,83,67,23,20,3,8,44,HMS_71,HMS,15+,False
3,2,3,24,22,1,5,7,7,5,2,HMS_72,HMS,10-14,True
30,9,5,44,68,108,54,56,32,38,72,HMS_74,HMS,15+,True
37,14,38,2,1,21,207,1,4,3,35,HMS_75,HMS,15+,True
23,132,35,14,131,80,4,9,1,2,9,HMS_76,HMS,15+,True
1,10,2,40,37,43,40,25,20,16,39,HMS_77,HMS,7-9,True
77,12,32,1,4,16,369,1,16,7,32,HMS_78,HMS,15+,True
108,15,9,53,31,99,36,35,9,25,58,HMS_79,HMS,7-9,True
21,24,24,105,178,3385,8,252,16,42,32,HMS_80,HMS,1-6,True
136,49,50,100,164,46,135,43,93,49,56,HMS_81,HMS,7-9,True
8,2,1,2,2,304,7,18,1,5,26,HMS_82,HMS,15+,True
6,3,3,7,8,31,21,9,6,12,27,HMS_83,HMS,7-9,True
21,16,3,11,9,78,67,16,11,20,73,HMS_84,HMS,15+,True
5,22,13,27,14,39,182,11,29,19,58,HMS_85,HMS,10-14,True
130,63,21,34,28,115,64,43,20,36,84,HMS_86,HMS,15+,True
24,17,7,20,23,44,2,11,1,3,9,HMS_87,HMS,7-9,True
14,8,6,41,49,35,21,23,17,17,26,LIRICAL_0,LIRICAL,7-9,True
1,1,1,8,2,1,2,2,4,2,1,LIRICAL_1,LIRICAL,1-6,True
1,1,1,2,2,5,2,3,1,2,2,LIRICAL_2,LIRICAL,10-14,True
174,827,158,643,2133,1,1,17,15,6,1,LIRICAL_3,LIRICAL,10-14,True
5,5,5,292,260,17,8,54,36,11,6,LIRICAL_4,LIRICAL,15+,True
3,1,1,38,19,158,10,54,3,14,22,LIRICAL_6,LIRICAL,10-14,True
16,46,19,532,867,4,3,30,24,8,1,LIRICAL_7,LIRICAL,15+,True
1,1,1,1,2,1,2,1,1,1,1,LIRICAL_13,LIRICAL,15+,True
6,9,14,122,97,9,22,15,16,9,7,LIRICAL_14,LIRICAL,15+,True
1,1,1,17,1,41,2,10,1,1,6,LIRICAL_16,LIRICAL,15+,True
1,1,1,36,51,2,1,1,1,1,1,LIRICAL_18,LIRICAL,10-14,True
1,1,1,4,2,1,6,2,1,1,2,LIRICAL_19,LIRICAL,15+,True
8,2,24,155,84,31,77,45,81,36,39,LIRICAL_20,LIRICAL,15+,True
1,4,1,18,8,2,1,7,6,4,1,LIRICAL_22,LIRICAL,15+,True
34,83,64,257,142,475,218,363,253,313,356,LIRICAL_23,LIRICAL,1-6,True
118,206,72,2,6,324,2,31,1,13,11,LIRICAL_25,LIRICAL,7-9,True
1747,1668,608,350,296,508,408,450,399,438,530,LIRICAL_26,LIRICAL,1-6,True
3,3,3,75,41,52,23,41,9,15,34,LIRICAL_27,LIRICAL,10-14,True
1,1,1,5,1,2,1,2,1,1,1,LIRICAL_31,LIRICAL,1-6,True
8,8,7,214,800,2,8,9,11,1,1,LIRICAL_32,LIRICAL,7-9,True
1,1,1,540,458,5,6,21,26,10,4,LIRICAL_34,LIRICAL,1-6,True
233,613,232,50,82,149,14,62,5,10,36,LIRICAL_35,LIRICAL,15+,True
1,1,1,351,207,1,1,29,24,9,1,LIRICAL_38,LIRICAL,10-14,True
1,1,1,2,1,1,4,1,1,1,1,LIRICAL_40,LIRICAL,7-9,True
1,1,1,316,251,8,2,46,17,9,3,LIRICAL_44,LIRICAL,15+,True
417,376,153,70,1252,184,135,96,78,90,170,LIRICAL_47,LIRICAL,10-14,True
234,46,41,17,20,31,215,10,25,19,52,LIRICAL_48,LIRICAL,15+,True
81,30,223,93,14,307,382,137,167,192,356,LIRICAL_49,LIRICAL,15+,True
35,89,40,17,82,14,5,8,5,7,6,LIRICAL_50,LIRICAL,1-6,True
1,1,1,1,1,11,1,3,1,1,1,LIRICAL_52,LIRICAL,15+,True
1,1,1,1,1,1,2,1,1,1,1,LIRICAL_53,LIRICAL,15+,True
7,7,99,167,199,6,15,11,16,4,4,LIRICAL_54,LIRICAL,1-6,True
1,1,1,102,104,2,158,8,109,17,4,LIRICAL_58,LIRICAL,15+,True
3,14,24,105,25,2,13,10,24,8,3,LIRICAL_60,LIRICAL,1-6,True
1,1,2,9,8,1,16,3,3,2,1,LIRICAL_61,LIRICAL,7-9,True
2,2,4,1,2,1,4,1,1,1,1,LIRICAL_62,LIRICAL,15+,True
1,1,1,17,11,2,5,3,4,2,2,LIRICAL_63,LIRICAL,10-14,True
908,754,812,634,365,1180,576,889,664,782,891,LIRICAL_64,LIRICAL,10-14,True
31,1,1,563,251,1,3,13,14,3,1,LIRICAL_65,LIRICAL,7-9,True
1,1,1,65,70,1,1,5,8,1,1,LIRICAL_66,LIRICAL,1-6,True
708,1844,785,706,1625,99,15,188,37,40,37,LIRICAL_68,LIRICAL,7-9,True
1,1,1,1,1,2,2,1,1,1,1,LIRICAL_69,LIRICAL,15+,True
13,51,30,26,105,1,18,4,10,4,3,LIRICAL_71,LIRICAL,7-9,True
40,27,30,5,38,73,23,14,4,13,38,LIRICAL_72,LIRICAL,7-9,True
1,1,2,17,27,1,23,3,7,3,4,LIRICAL_73,LIRICAL,15+,True
1,1,1,17,15,1,10,1,1,1,1,LIRICAL_76,LIRICAL,7-9,True
1,6,12,268,23,68,29,107,47,32,42,LIRICAL_81,LIRICAL,7-9,True
20,7,21,46,179,3,19,9,24,9,5,LIRICAL_82,LIRICAL,10-14,True
1,1,1,23,25,11,7,2,2,1,3,LIRICAL_84,LIRICAL,15+,True
6,16,9,43,12,151,16,46,2,6,37,LIRICAL_85,LIRICAL,7-9,True
1,1,1,274,158,2,3,22,16,5,1,LIRICAL_86,LIRICAL,15+,True
2,2,9,2,1,13,2,1,1,1,2,LIRICAL_88,LIRICAL,10-14,True
151,44,65,88,51,162,336,114,148,149,206,LIRICAL_89,LIRICAL,10-14,True
1,1,1,2,2,14,2,3,1,1,5,LIRICAL_90,LIRICAL,15+,True
79,100,16,246,132,110,1,147,16,32,11,LIRICAL_91,LIRICAL,15+,True
10,1,2,2,2,3,11,2,2,2,2,LIRICAL_93,LIRICAL,10-14,True
65,87,43,699,412,27,2,78,24,13,4,LIRICAL_94,LIRICAL,15+,True
84,67,48,139,77,101,29,118,52,65,60,LIRICAL_95,LIRICAL,7-9,True
6,2,1,430,123,6,15,29,40,21,7,LIRICAL_97,LIRICAL,1-6,True
1,1,1,3,1,9,1,3,1,1,2,LIRICAL_98,LIRICAL,15+,True
3,2,4,2,3,2,16,2,5,3,3,LIRICAL_102,LIRICAL,1-6,True
17,54,94,269,118,54,253,91,281,114,81,LIRICAL_103,LIRICAL,1-6,True
43,30,20,45,5,14,17,13,16,7,9,LIRICAL_104,LIRICAL,1-6,True
1,1,2,35,33,1,346,12,84,24,4,LIRICAL_107,LIRICAL,15+,True
11,14,14,15,7,21,31,11,17,14,23,LIRICAL_108,LIRICAL,1-6,True
43,35,3,3,1,1,5,1,2,1,1,LIRICAL_110,LIRICAL,10-14,True
1,1,1,149,23,5,7,21,24,10,1,LIRICAL_111,LIRICAL,10-14,True
26,5,15,121,122,80,57,64,53,36,73,LIRICAL_113,LIRICAL,10-14,True
30,9,18,15,25,1087,60,56,16,45,147,LIRICAL_117,LIRICAL,15+,True
1,1,1,2,3,1,1,1,1,1,1,LIRICAL_118,LIRICAL,1-6,True
2,2,1,6,7,6,1,2,1,1,1,LIRICAL_119,LIRICAL,10-14,True
2,1,1,57,35,8,8,14,10,6,3,LIRICAL_121,LIRICAL,10-14,True
7,7,4,513,677,10,5,32,27,15,6,LIRICAL_122,LIRICAL,15+,True
8,3,4,39,17,6,9,4,4,2,3,LIRICAL_128,LIRICAL,15+,True
1,1,1,1,1,1,1,1,1,1,1,LIRICAL_131,LIRICAL,15+,True
49,56,13,528,539,788,19,748,46,78,52,LIRICAL_132,LIRICAL,15+,True
10,15,6,1,4,11,1,1,1,1,4,LIRICAL_134,LIRICAL,7-9,True
5,6,1,77,48,10,9,16,14,7,6,LIRICAL_135,LIRICAL,10-14,True
30,20,37,10,6,480,82,24,6,20,190,LIRICAL_136,LIRICAL,10-14,True
2,1,1,2,2,1,1,1,1,1,1,LIRICAL_141,LIRICAL,15+,True
10,24,12,3,1,17,28,3,8,6,20,LIRICAL_144,LIRICAL,10-14,True
252,266,111,54,101,54,65,51,52,43,61,LIRICAL_145,LIRICAL,1-6,True
1,1,1,68,50,13,1,2,5,2,1,LIRICAL_146,LIRICAL,10-14,True
16,43,21,4,3,1,9,1,1,1,2,LIRICAL_147,LIRICAL,1-6,True
3,1,3,35,19,27,7,19,9,10,11,LIRICAL_151,LIRICAL,7-9,True
524,825,490,241,609,549,147,358,175,255,288,LIRICAL_154,LIRICAL,10-14,True
9,6,3,584,563,9,2,30,6,1,1,LIRICAL_155,LIRICAL,10-14,True
20,3,2,8,5,3,4,3,2,2,1,LIRICAL_156,LIRICAL,10-14,True
1,2,1,22,8,15,2,12,7,9,4,LIRICAL_161,LIRICAL,15+,True
2,1,1,80,19,1,1,7,9,2,1,LIRICAL_162,LIRICAL,15+,True
133,150,92,101,40,572,75,182,76,122,153,LIRICAL_163,LIRICAL,1-6,True
1,1,2,71,82,2,18,17,26,10,4,LIRICAL_164,LIRICAL,10-14,True
394,717,238,28,12,28,6,13,9,8,11,LIRICAL_165,LIRICAL,7-9,True
1,1,2,98,26,5,7,22,13,6,4,LIRICAL_166,LIRICAL,10-14,True
2,1,4,26,17,5,35,7,8,6,8,LIRICAL_167,LIRICAL,15+,True
17,7,12,115,158,71,69,48,53,36,73,LIRICAL_169,LIRICAL,10-14,True
24,11,22,8,3,9,118,4,35,14,17,LIRICAL_171,LIRICAL,10-14,True
12,5,5,8,19,6,4,4,2,2,1,LIRICAL_177,LIRICAL,10-14,True
1,1,1,1,1,1,1,1,1,1,1,LIRICAL_178,LIRICAL,10-14,True
1,1,1,10,2,1,9,2,1,1,1,LIRICAL_180,LIRICAL,15+,True
485,474,268,979,955,63,346,165,586,211,105,LIRICAL_181,LIRICAL,15+,True
2,1,2,1,1,17,27,2,3,2,15,LIRICAL_190,LIRICAL,15+,True
1,1,1,3,1,1,1,2,2,1,1,LIRICAL_192,LIRICAL,10-14,True
14,20,89,102,35,156,74,110,56,55,116,LIRICAL_193,LIRICAL,15+,True
22,51,27,5,3,6,7,5,5,5,5,LIRICAL_194,LIRICAL,7-9,True
183,41,200,95,14,490,697,173,197,245,614,LIRICAL_195,LIRICAL,15+,True
1,1,1,19,5,3,1,7,4,2,2,LIRICAL_197,LIRICAL,15+,True
15,22,13,3,4,14,22,7,9,8,15,LIRICAL_198,LIRICAL,7-9,True
76,1,3,20,17,8,156,5,19,6,14,LIRICAL_200,LIRICAL,7-9,True
2,1,22,118,134,25,135,16,106,31,36,LIRICAL_201,LIRICAL,1-6,True
1,2,1,7,13,1,1,1,2,1,1,LIRICAL_202,LIRICAL,10-14,True
92,29,9,40,19,32,50,21,16,14,37,LIRICAL_203,LIRICAL,10-14,True
22,46,16,10,6,66,35,7,9,8,43,LIRICAL_204,LIRICAL,1-6,True
1,4,2,14,3,4,3,3,1,2,2,LIRICAL_209,LIRICAL,15+,True
100,155,56,1048,122,208,3,379,32,54,15,LIRICAL_210,LIRICAL,10-14,True
1,1,1,30,7,1,15,5,3,2,2,LIRICAL_212,LIRICAL,1-6,True
20,56,73,1440,1838,69,112,162,238,109,80,LIRICAL_213,LIRICAL,1-6,True
1,5,4,23,9,6,14,2,2,1,3,LIRICAL_214,LIRICAL,10-14,True
1831,1469,3161,1695,1829,2204,2352,1950,2027,2098,2273,LIRICAL_217,LIRICAL,15+,True
2,3,1,107,40,6,12,22,13,5,3,LIRICAL_218,LIRICAL,15+,True
1,1,1,1,1,1,1,1,1,1,1,LIRICAL_219,LIRICAL,10-14,True
1,1,1,1,1,1,1,1,1,1,1,LIRICAL_220,LIRICAL,7-9,True
21,2,6,6,5,61,7,20,5,13,20,LIRICAL_226,LIRICAL,7-9,True
29,6,2,86,34,93,16,73,22,31,32,LIRICAL_228,LIRICAL,15+,True
15,2,2,12,11,5,15,2,4,1,5,LIRICAL_233,LIRICAL,1-6,True
56,31,22,5,1,7,14,3,5,2,5,LIRICAL_234,LIRICAL,1-6,True
1,1,2,15,13,12,5,7,4,4,7,LIRICAL_237,LIRICAL,10-14,True
25,28,26,15,2,25,4,12,3,5,10,LIRICAL_240,LIRICAL,7-9,True
55,44,17,11,16,12,2,8,4,6,7,LIRICAL_241,LIRICAL,1-6,True
93,170,98,204,132,49,159,78,188,90,71,LIRICAL_243,LIRICAL,15+,True
2,1,1,2,2,1,1,1,1,1,1,LIRICAL_245,LIRICAL,15+,True
2,1,3,2,2,1,2,1,2,1,1,LIRICAL_246,LIRICAL,1-6,True
34,11,17,52,29,32,115,21,43,23,46,LIRICAL_250,LIRICAL,10-14,True
135,284,259,800,535,113,30,236,85,83,59,LIRICAL_254,LIRICAL,10-14,True
1,1,1,72,64,21,14,21,10,10,12,LIRICAL_258,LIRICAL,10-14,True
8,30,37,164,42,111,79,108,81,80,99,LIRICAL_262,LIRICAL,7-9,True
391,477,208,284,380,311,99,304,150,171,174,LIRICAL_266,LIRICAL,10-14,True
3,23,2,4,3,2,2,1,2,1,2,LIRICAL_268,LIRICAL,1-6,True
22,63,18,368,364,493,29,487,64,105,80,LIRICAL_269,LIRICAL,7-9,True
1,1,2,251,239,7,2,39,20,10,3,LIRICAL_270,LIRICAL,15+,True
69,21,14,73,45,494,16,138,5,26,47,LIRICAL_271,LIRICAL,10-14,True
1,1,1,1,1,1,7,1,1,1,2,LIRICAL_274,LIRICAL,15+,True
1,1,2,2,1,1,3,1,1,1,2,LIRICAL_276,LIRICAL,15+,True
1,1,1,54,18,1,1,2,5,1,1,LIRICAL_277,LIRICAL,15+,True
8,8,26,607,386,117,100,233,206,162,118,LIRICAL_278,LIRICAL,10-14,True
135,21,17,27,3,31,49,18,22,15,32,LIRICAL_279,LIRICAL,1-6,True
42,37,69,1996,1430,581,85,1079,184,229,163,LIRICAL_280,LIRICAL,7-9,True
1,1,1,1,1,1,2,1,1,1,1,LIRICAL_282,LIRICAL,10-14,True
2,3,3,31,23,55,36,31,27,29,47,LIRICAL_286,LIRICAL,1-6,True
61,28,114,18,16,179,188,39,25,53,204,LIRICAL_287,LIRICAL,15+,True
2,2,1,315,140,10,6,32,28,13,4,LIRICAL_291,LIRICAL,15+,True
1,1,1,589,370,61,24,105,82,52,36,LIRICAL_292,LIRICAL,10-14,True
17,15,15,2,3,13,20,6,10,9,13,LIRICAL_296,LIRICAL,1-6,True
277,77,47,384,1123,7,8,19,27,8,4,LIRICAL_297,LIRICAL,15+,True
1,1,1,1,1,1,1,1,1,1,1,LIRICAL_299,LIRICAL,1-6,True
1,1,1,5,3,1,2,1,1,1,1,LIRICAL_303,LIRICAL,10-14,True
9,14,3,15,9,7,15,8,10,8,7,LIRICAL_304,LIRICAL,15+,True
29,34,19,42,154,6,2,7,4,4,2,LIRICAL_305,LIRICAL,7-9,True
83,78,79,1451,988,282,91,548,204,226,157,LIRICAL_306,LIRICAL,7-9,True
1,1,23,187,177,2,121,23,149,33,7,LIRICAL_308,LIRICAL,10-14,True
2,4,1,2,1,1,1,1,1,1,1,LIRICAL_309,LIRICAL,1-6,True
13,50,110,16,7,10,97,4,21,9,14,LIRICAL_310,LIRICAL,15+,True
7,6,2,244,169,47,59,70,88,46,48,LIRICAL_312,LIRICAL,7-9,True
4,4,3,2,2,3,3,2,2,2,3,LIRICAL_313,LIRICAL,15+,True
42,107,39,8,3,38,2,3,1,1,6,LIRICAL_314,LIRICAL,7-9,True
1,1,1,79,17,13,12,22,16,11,9,LIRICAL_316,LIRICAL,10-14,True
9,8,15,8,8,2,8,3,4,3,2,LIRICAL_318,LIRICAL,1-6,True
216,140,90,292,334,243,98,257,163,185,157,LIRICAL_319,LIRICAL,1-6,True
1,1,3,1,1,1,2,1,1,1,1,LIRICAL_323,LIRICAL,15+,True
37,38,7,45,54,5,14,12,20,6,5,LIRICAL_324,LIRICAL,1-6,True
49,58,18,2,1,4,2,1,1,1,2,LIRICAL_325,LIRICAL,7-9,True
42,30,39,299,238,368,14,347,35,67,42,LIRICAL_326,LIRICAL,10-14,True
45,18,6,1,16,1,8,1,1,1,1,LIRICAL_331,LIRICAL,15+,True
30,52,13,125,21,2,8,14,11,4,2,LIRICAL_335,LIRICAL,7-9,True
27,1,5,52,30,27,21,32,22,21,22,LIRICAL_337,LIRICAL,1-6,True
5,1,1,26,18,1,61,2,7,3,3,LIRICAL_340,LIRICAL,7-9,True
166,97,54,73,79,81,40,46,22,26,56,LIRICAL_341,LIRICAL,10-14,True
1,1,1,147,126,15,7,27,12,5,6,LIRICAL_342,LIRICAL,15+,True
1007,1363,580,1055,692,678,842,875,1031,928,804,LIRICAL_343,LIRICAL,10-14,True
70,145,62,154,88,24,71,50,103,37,34,LIRICAL_345,LIRICAL,10-14,True
1,1,1,189,101,4,3,20,16,6,1,LIRICAL_347,LIRICAL,15+,True
1,1,1,1,1,1,3,1,1,1,1,LIRICAL_349,LIRICAL,15+,True
8,8,15,142,163,38,31,39,48,27,34,LIRICAL_350,LIRICAL,1-6,True
15,21,8,8,6,5,9,3,4,3,5,LIRICAL_351,LIRICAL,1-6,True
33,7,4,100,58,98,40,75,34,39,66,LIRICAL_352,LIRICAL,1-6,True
1945,1810,1164,182,22,3517,836,390,320,468,1767,LIRICAL_353,LIRICAL,1-6,True
155,233,101,1016,845,383,63,626,136,180,138,LIRICAL_357,LIRICAL,7-9,True
4,13,17,1,2,40,15,5,2,3,20,LIRICAL_358,LIRICAL,10-14,True
1,1,1,189,88,9,6,30,18,7,5,LIRICAL_360,LIRICAL,7-9,True
1,1,1,6,3,1,10,1,1,1,2,LIRICAL_361,LIRICAL,10-14,True
121,230,228,290,175,80,64,141,123,94,71,LIRICAL_363,LIRICAL,15+,True
1,1,1,129,62,30,52,44,55,29,34,LIRICAL_365,LIRICAL,10-14,True
1,1,1,5,8,1,4,1,1,1,1,LIRICAL_366,LIRICAL,15+,True
6,9,2,1,9,4,3,1,1,1,1,LIRICAL_367,LIRICAL,15+,True
2,1,1,2,2,1,1,1,1,1,1,LIRICAL_368,LIRICAL,15+,True
358,319,373,1227,1170,854,368,1070,641,730,602,LIRICAL_369,LIRICAL,7-9,True
